0,20629763,116.77522347920613,39.72025633516498,116.41619278651166,39.47519698589402
1,20507649,116.78845589857337,39.72186719067572,116.69038033527573,39.982624430436545
2,20846851,116.39806651346696,40.17740781847623,116.64815526210407,40.391321274603044
3,19385859,116.63830065577021,40.29631322170829,117.02057622993318,39.9107744765131
4,20841219,116.64460975311503,40.05726244447761,117.06156000411333,40.018503049131326
5,4429058,116.4481712646674,39.754569444227165,116.4854567605985,40.23755491248687
6,20753154,116.56471365645682,39.892471408003075,117.05285686901033,39.49211047388335
7,22221564,116.5366229147741,40.24450778539687,116.33259813625087,40.73606634105345
8,24522699,117.05515044503697,40.19572453383809,117.38274206060541,39.93952615335116
9,25661130,116.4148316148362,39.79893133209136,116.90064805495226,39.98221998253017
10,11057541,116.62931369130717,39.70194104588192,116.34934978497982,39.520812301974104
11,23931083,116.52034423792043,40.163531067190824,116.39835841642036,40.09947442763761
12,25620171,116.54482675665228,39.84436199851931,116.22973587566968,39.45306198007048
13,22917323,116.40624538954737,40.05113950800764,116.69355219121239,39.96142854429046
14,22226634,116.85962982658664,40.054745833506665,116.34162750154793,40.3157427381535
15,19367683,116.67920876590067,40.12425883027067,116.81646644077267,40.27898119680186
16,11232387,117.19808587139005,40.35034152174526,116.33228136999685,40.57896028913188
17,18795789,116.63690599280703,39.90642894766994,116.19594119123346,39.111549192136
18,20963586,116.78052079050339,40.098321330088424,116.7533094868158,39.71750597164423
19,23078858,116.69570851069426,39.667929935679396,116.2844422310224,39.35361969675179
20,20616978,116.70131459769641,39.88537797857869,116.56909500549058,40.0394891797922
21,23030985,116.56125562789038,40.17743087342738,116.83759689100721,39.43636003652653
22,20804609,116.82203968098212,40.076139333592735,116.74631681922696,40.04654166470244
23,22300874,116.81397079176055,39.84809185389082,117.07591633326297,40.035889004635294
24,20500739,117.00090673509992,40.06147482952673,117.30595370861977,40.34360578591471
25,4287491,117.30646717277943,40.252546344325324,117.40194296220213,40.14290357675242
26,19203852,116.53124187624411,40.02372154407943,116.3335248273543,40.11865117365501
27,20799491,116.7884863174416,40.1992997946162,117.30749321070017,40.23331538177396
28,20945409,116.46451371441727,40.31026695313566,116.39803447371835,39.63416077673687
29,126891908,116.4846864605596,40.11526983678924,116.35385080881807,39.33656577109115
30,20863490,116.54352022802287,40.165117597551436,117.32694257034044,40.842794279554155
31,127782275,116.41399354029583,39.82973592878553,116.21297450700965,40.019420322609434
32,127169924,117.0051346093306,40.03737254943443,116.89602990997233,40.25624588850787
33,23215051,116.72289202566208,39.69334499178899,117.27094790652309,40.26891402808883
34,19328258,116.64237852395233,40.29792016939822,116.78308077074725,40.847448383669175
35,20535347,116.69821388156444,39.80741799485672,116.94470614899748,40.11392402162756
36,25245131,116.68627587864302,40.373764146097606,116.45553456237785,40.40726526442515
37,4282114,117.04009737309472,40.14343138854876,117.18078657866549,40.362770174112164
38,20881411,116.63826740254338,40.03120764140445,116.91111892882999,40.707793989133265
39,25221321,116.76827675576756,40.06992487901764,116.26157851499143,39.49281969589889
40,127778179,116.40429487111614,39.833265158535,116.0929127709263,39.28879395137305
41,20804867,116.81502336255214,40.081895110072324,116.80775238332573,39.87137512940541
42,226713290,116.62780853182535,40.19222600920938,117.52525738176102,41.06819637673317
43,19214593,116.48344111421797,39.969835383815145,116.6390895461035,39.25786432476463
44,20907523,116.58436145608329,40.238984956467405,117.3010139903455,39.40199840127895
45,129170820,116.95715274059768,40.18908844668527,116.76283154015823,40.02137668060796
46,19219207,116.48886308064712,39.98088400589155,116.07459511412353,39.32896925378053
47,24511433,117.17517353294303,40.12437162250008,117.2508022135377,40.15557957509774
48,22866889,116.55846646721429,39.84078357538848,116.99080771387122,40.29193056354631
49,25204939,116.79493478777086,39.72438297696218,117.30308730953722,40.23510608297063
50,228111050,116.73550561557725,39.69769676917152,116.8601102386095,39.343583487565645
51,18587906,116.1032481867403,39.71969545133553,116.10897606900026,39.312819372235396
52,4278529,116.89963432782264,39.784950854789344,116.33038028496529,39.19042463001541
53,19234823,116.64879497296941,40.10781935722001,116.96429186592471,39.97530117194301
54,22239690,116.80793781570537,40.18337058041123,116.57327701722784,39.92989329523554
55,19328769,116.67941651165026,40.37680551934219,116.83602887451832,40.03916708306531
56,227046857,116.42333553987348,39.830719339243394,116.00543328971659,39.17393861462285
57,126995600,116.45410912493683,40.039455359131885,116.65085866043209,39.68107574725583
58,127363203,117.17074286970785,40.17070221998883,116.81496170381622,39.894410992301296
59,129030538,116.38062694443873,39.97488997274434,116.26758754028157,40.160546880625574
60,18359299,116.31522742290561,39.90136515187096,116.22804576621067,40.37189973555912
61,4282115,117.02749649721335,40.142759649020576,117.01598573198731,40.28615547378528
62,22271690,116.62672966981292,40.26667664419773,116.95810683138208,39.86363399586104
63,22293449,117.02344495317284,40.04277366538803,117.19290035690268,40.02046630610402
64,4307458,117.0415967593332,40.270992116375695,117.0082275153581,40.54833345122661
65,25884617,116.29057905903062,39.779414330429816,116.76415543522482,38.97794628081763
66,129166469,117.02213088732961,40.266263264864726,117.07758682881023,40.35656821907408
67,20607745,116.82859592577383,39.81041687490231,116.69347216896699,39.66302845435892
68,18948099,116.55390094673575,39.89494418978811,115.91162260311395,40.15367393167219
69,22415050,117.08069191700558,40.17940559487585,116.3573133319719,39.95303439955343
70,24520900,117.12136898171705,40.164272012245604,116.67276090002493,40.311750149536856
71,18887179,116.63973621075857,39.92721610856911,117.22821601320825,39.95231948554677
72,20532226,116.8308740240692,39.746022243639395,116.91392204054524,39.63932427611485
73,20580354,117.11597287271677,40.15688021695189,117.51196165374274,39.9620755077773
74,129855108,116.0930700398883,39.71939881217331,115.46151660485201,39.73074635222787
75,22294475,117.01323981667998,40.0767925051806,117.34134798510796,39.52270287517417
76,20796417,116.54390102593386,40.07872440377461,117.14074523308433,39.301926339526446
77,22887881,116.58284359535072,39.99725588066903,116.19382052498582,39.68947834667374
78,20531713,116.85130617454125,39.72894698765197,116.22853691196762,39.77688554834021
79,18472961,116.40164111440129,39.84960568591266,115.80506392827598,39.34613913454719
80,23231435,116.7246923506407,39.85651734873801,117.06590216128346,40.118227080787165
81,22355913,116.49275995206928,39.738105309784046,116.78212093046949,39.90158112369614
82,127227012,116.85414439968007,39.740611762220446,116.46548778626172,40.144824122270734
83,22815690,116.62911658017639,40.2689815042751,117.26721456254245,41.0097511642626
84,127776132,116.82070099673906,39.733541739440525,116.12186540264697,39.050063021978396
85,127363460,117.00578394997791,40.079471747843336,116.93725296092346,40.038781007463626
86,23822547,116.4530278566668,40.077503687893994,116.24166916298896,40.70635584882463
87,129088387,116.8445129253231,40.13638066489871,117.02240780033583,40.47964488805894
88,20742915,116.59367455032675,40.02046984446059,116.83954417670479,39.682410865283074
89,20505101,116.65787488793025,39.65011638218028,116.71733386767085,39.831492623101845
90,20867586,116.67677461361245,39.99894889297595,117.09898555750308,40.2238573308775
91,20868355,116.68614434618507,40.32683153247849,116.23602795744223,40.21731091935055
92,19081732,116.3789793567471,39.96700657582111,116.17610087762735,39.767539802343556
93,20862978,116.57915126432727,40.25271358569736,116.75714144997403,40.17494029060902
94,20970755,116.62289849292846,39.98392631526057,115.70387594087013,40.85846732232763
95,23872203,116.45785734250798,40.01906649392696,116.42360870318865,40.40606106807668
96,24027339,116.97104060991926,39.93447215555689,117.45688619127148,39.800434164847196
97,126949779,116.490362136487,39.90868825711281,116.21027933084322,39.30031189182936
98,24034507,117.06666794332835,40.277893297694895,117.4993940439905,40.5004944248507
99,22183371,116.54129086750882,40.280848920929046,116.54009426451044,40.52203874035735
100,25185993,116.63459531337192,39.89871299669215,116.6549896553323,39.81573421980494
101,19382274,116.95860154887899,40.56063389327332,117.0811027276369,41.265088499434576
102,20839437,116.60475684332522,39.86772532249965,116.62263357396027,39.35976071561296
103,22499787,116.28231812420795,39.795765783211216,116.94071277632126,39.408432524776
104,20546562,116.56226822250812,39.75192374146424,116.73309392740357,39.16643833189633
105,22273021,116.63888892498991,40.30024152268539,117.32694069079105,40.552591609948315
106,20580611,117.11383696630017,40.15727754791431,117.8741510382554,39.82642925103897
107,20840961,116.64817938782846,40.052734979763436,116.45872990232678,40.18966969689007
108,22049496,116.45485024449474,40.03825960997152,117.0153246627003,39.62615213816986
109,23100873,117.04120606309887,40.1609939472924,116.5662817889448,39.625245077149614
110,19070465,116.72203566056336,39.69268185225479,116.67030513309885,39.703575722378346
111,20580609,117.11652983458998,40.156991478924596,116.75066883049172,40.042815857930705
112,18902021,116.38932242048573,39.87010709374069,116.5166091666911,40.38367398020703
113,20790017,116.58145443955883,39.9413369799773,116.20055402615336,39.643169047762626
114,19236109,116.63910167557012,40.11912086651208,116.37465564565824,39.89699329398371
115,227178955,116.50190111330697,39.94586188868647,116.6329073345031,39.44052509130154
116,20948744,116.49402168157712,39.869887363441514,116.52160395617135,40.080945642644586
117,20531459,116.86560457124823,39.73954636725286,116.34077210677388,38.99878039643571
118,22415562,117.02087394475372,40.141667342275746,116.73222598853629,40.84105662243673
119,22312905,116.57309295941576,39.74917471051727,116.52782559513355,39.804434416103945
120,25109705,116.53022364528506,39.78663596305646,115.90965031575654,39.830065171804904
121,18870284,116.39541922055264,39.82826692929621,116.24778279265448,39.343774235378326
122,127002260,116.55495961330048,39.957754302932535,116.08517233157866,39.39020011237552
123,22372043,116.52663754155604,39.764344097687136,117.12204447079507,39.32838304419507
124,22229706,116.88808209007165,40.05795068276445,116.66290644813485,40.23475406136259
125,25262282,116.6847503871076,40.36756312068837,116.26527380546668,40.013408562364326
126,25215945,116.84034866062052,39.74558337509477,116.22803033027556,39.112658053750316
127,22054602,116.54759751339739,39.844376329985316,117.40604703800466,39.94480482406466
128,20550923,116.56129606044816,39.89350572913859,116.57014259409901,40.02640750444806
129,24455881,116.3198658564007,39.579310617262614,115.63832234135438,39.22667820974738
130,126813061,116.35972926607617,40.09933072889336,116.11359749441053,39.80473233605481
131,23909578,116.84609959858008,40.13314291604499,117.55297085496217,40.86103953571595
132,23231434,116.72252763100853,39.838458917391975,116.12613080570978,39.430757392293955
133,23091915,117.19168468550608,40.16676230504792,118.08893642376482,40.91542108529135
134,129088643,116.85115482027456,40.12455443733245,116.73271923891987,40.28550654889759
135,20463617,117.17809460456186,40.140005704698524,117.22449997532233,40.91489963543576
136,20781315,116.57170219812599,39.841234646518615,117.44216890230535,38.946761963308546
137,20463361,117.00197368405402,40.14208394108975,116.4713440268764,39.65445447378297
138,18948097,116.54932025457956,39.894224248337046,116.92481598535906,40.423868003773784
139,22294731,117.11620222708883,40.16559537063053,116.90627851535422,39.69779006568902
140,127137924,116.59776720512737,39.76510436869232,116.8667330317179,39.86198017010308
141,20845313,116.78721626311842,40.1783761419433,116.3290805131512,40.01409549597218
142,127002259,116.55918397803576,39.961102106181144,117.17767072765712,39.73066002557072
143,20942101,116.48937520952552,40.19967646834013,116.09937186537285,40.186979288773344
144,4422914,116.48065376813322,39.556819452910716,117.4067996328011,40.489852106226024
145,129046148,116.49865424950859,39.89941919060442,116.35270278178297,39.51133755206601
146,126986628,116.48882324731576,39.92237222595484,117.03689493992596,39.35287765471071
147,23894985,116.87794547026158,40.15040912724637,117.18035043820691,40.10992722753989
148,227415243,116.49647751670123,39.98133768144062,116.52969641036825,40.269518414613046
149,22263753,116.63874140672945,40.330598184175464,116.55251705849655,40.284579847426535
150,20948745,116.49406783468594,39.86987901819347,116.70933180834821,39.891551575313606
151,18481153,116.2651408048548,39.804752783388594,116.10233800435977,40.32331271123481
152,127465104,116.35943036978296,40.08596084869831,115.69539701084155,39.5322845391483
153,23028179,116.69612143694934,40.129401755487365,116.75308686141015,39.71357627315932
154,22834634,116.55876242918345,40.27158578180696,116.93107541225139,40.554806128772505
155,18878722,116.48330269724035,39.892759540369234,116.56192553341772,40.56287797754896
156,5049091,116.70136295313596,39.67104788177802,116.48589532821165,39.50162947010177
157,227306699,116.63849278365798,40.179774674747314,116.89591736797975,40.01217797669504
158,23818448,116.39396349936816,39.98994053650897,116.78441401642905,39.8686357844931
159,23095499,117.1805562872603,40.13809125009522,118.00306658941697,40.39663441184122
160,20532482,116.83909766723266,39.73785261148412,117.46181815339321,40.55607933528929
161,20592898,116.78939126460868,39.72539580855824,116.6030179256139,40.36787588759894
162,18804995,116.42241750824135,39.775731753964855,115.7652465905261,40.49653563585369
163,23110346,117.02060498562687,40.07133499469488,117.43197081052497,40.65558429285869
164,22907343,116.47677705842865,40.00639180281145,116.16077866609959,39.77194911259592
165,20743683,116.84654921565287,40.116204196158584,116.48933699210819,40.32409745395855
166,25223882,116.78818803275465,40.27358304098067,117.39375354821935,40.09115560043404
167,11205527,116.91458809885854,40.07927657007436,117.07724526944506,39.36223868584732
168,23062474,116.34069853028099,39.80503462378196,115.95278695041948,39.64346705437786
169,10657668,117.12224657661001,40.13887023041069,117.39854724379603,39.92530122415168
170,23146441,116.50099478129195,39.75678739635986,117.06009684120689,39.78711387660466
171,25185995,116.63407494666009,39.89961133719125,117.52207754170814,39.07369056169902
172,23896522,116.80049985236646,40.064223967968346,117.0978487751258,40.25263930290127
173,19423757,116.628814304609,40.258662671682565,116.84287749269298,40.026573123254146
174,127115396,116.95675037329204,40.56120417336385,117.36953528116145,40.21725851808548
175,22870219,116.5887733414257,39.8375845630523,117.09064446919076,39.74483081222555
176,20821249,116.59992366569446,39.84325672506219,115.71151844209137,39.73518562150046
177,129026436,116.47398918714158,40.00879430082095,115.64284314380221,39.460271635329605
178,20575233,117.16886611953026,40.124641908519045,117.1601892809441,40.297661646591855
179,23231689,116.89799336555474,39.78321508842727,116.57494112656569,39.45406902636682
180,23012555,116.74432879581364,40.33410878451556,117.3171428210859,40.90936698045888
181,23890121,116.70611477440869,40.05655441791518,117.12760499642187,40.73561866264336
182,227344841,116.50980778490943,39.98309016475161,116.12732604278567,39.60698426444404
183,23033033,116.50243340754484,40.20818903128093,115.89632943670789,40.939610735264274
184,18429185,116.13025948335577,39.73138674516097,116.5679932387626,40.3195159072596
185,22306251,116.59919280482295,40.02370155078896,116.88021603407691,40.02845742335746
186,22265547,116.65038489451803,40.35746423088551,116.97548242655675,40.31770594688015
187,18472962,116.34576224496598,39.806698174268526,115.91585166593677,40.38154675484815
188,20799490,116.79258948059578,40.20278041899613,117.14551487096544,40.777637243661864
189,129091204,116.78685913345106,40.054964769407,117.46341074220834,40.233419669870976
190,19383555,116.54745078231743,40.33524156982924,116.95029403467232,40.96558610223825
191,18626561,116.34307093739253,39.93104018998108,115.83990584865896,40.357131866468286
192,227374283,116.39007226836071,40.00074176638974,116.63295556133613,40.04821446876807
193,126929541,116.44111118013669,39.98492656690289,116.75943139304229,39.54638843309496
194,127012228,116.4552528639639,40.01743812495974,115.94744047916151,40.3799140472375
195,226790091,116.44107045315224,39.98850824872381,116.96683154845587,39.88679466413088
196,11141253,116.60497843042752,40.1215154314595,116.60935529866286,40.14747602775167
197,20166668,116.3925642990274,40.07897378937109,116.00159313293068,40.493355678642935
198,126878340,116.77319244258744,40.068271933593785,116.26783405421078,40.60668666631075
199,226813385,116.63008108452294,40.127191339463586,116.51750546629819,40.221786838763194
200,19286019,116.45916306260916,39.935112301725304,116.07282415158832,39.41502458102435
201,24505289,117.04405476566495,40.268845660612186,117.22207784097638,40.57950635057552
202,22330876,116.44546531970626,39.79601439955216,116.15404507945149,39.882975977604204
203,24526539,117.03941937785793,40.14476069310173,117.46869610903723,39.77732088298691
204,22286025,117.11000776180711,40.10973017402589,117.10849022200124,39.443071807791014
205,19105033,116.41989785237257,39.93726582582864,116.15735928597313,40.75362421969567
206,129824137,116.37874389169353,39.88677143672424,116.12215813537465,39.45875157404896
207,11143060,116.5798808577322,40.08626308540265,116.58843769192991,39.541338971930436
208,20881153,116.57126897679463,40.263027399072705,115.92609488779671,40.7816211718925
209,25223115,116.67937930103791,40.136252955106194,116.91706732110018,40.27821448150075
210,127179652,117.0522226015426,40.07106685707693,117.18114968418476,39.982343563132844
211,18362373,116.36653043352486,39.88705689486986,115.90086777654723,40.553704728591946
212,20467002,117.20282096674856,40.161932868587236,117.35863129274185,40.43840727378955
213,25611722,116.56706528984321,40.03309803067727,115.86476422745977,40.22902677311647
214,227371977,116.50275809711655,39.94562276730626,116.54356257656761,40.22380377671002
215,20745219,116.56761210021477,40.241418421827696,116.06523748597965,39.71925468411829
216,18969653,116.39895264365775,39.88809601855837,116.05975214165355,40.302575972702634
217,22815740,116.62766270813303,40.27087528111855,117.27274989706241,41.09800807444653
218,23885259,116.57669727165336,40.20863343955109,116.28830743523146,39.84635721836926
219,22432202,116.42175268345525,39.833023890260804,116.171086743992,39.22305602204586
220,20533044,116.69942622852392,39.80761325336218,116.91366180563206,40.08147170809571
221,11049091,116.5188700666892,39.76294159016475,116.05598534595849,39.4528178013769
222,24511689,117.17314208496838,40.12208311356005,116.73693137920927,40.40945245094566
223,20867587,116.68172641875934,40.02109406966998,117.34394882563205,39.711772716371186
224,126887812,116.71197711383634,40.167575995373916,116.97778042336401,39.795117695401835
225,19034370,117.17002024005971,40.12650673569852,117.29094566678786,40.424999626166205
226,22432203,116.42520269285563,39.83389347482243,116.18449585781904,39.62724466539656
227,22816714,116.69215691985343,40.419104887682295,116.49348014472953,39.93199986606251
228,127136388,116.84885751738062,39.7288886525757,116.06195353040265,39.17319003459555
229,19052555,116.70824109574892,39.87847311262414,116.25443349666938,39.97909558665969
230,126863754,116.22851409289503,40.18783917655159,115.83547158076578,40.726341391316055
231,126918533,116.89559246478984,40.06696141782469,116.44632011877937,39.28864209420642
232,20848908,116.61147573216124,39.8707745844745,116.30233543840852,39.66285154059165
233,22428891,116.3897384683982,39.9072779509127,116.04359204742228,40.03863593368222
234,22817225,116.73490996321449,40.32835616367846,116.26010163445883,39.985876320847105
235,19032833,116.85428295443398,39.802320257909386,116.65051123995177,40.45939775231754
236,20626185,116.66587299904619,39.82804047114936,117.12782409645723,40.32738258517538
237,23975631,116.56930649590836,39.79507608171328,116.34732994558347,39.348404529999705
238,23961803,116.38736580592386,39.74238453521428,116.82334668075971,39.71664131983202
239,18760705,116.4870879620518,39.88814748748196,116.47739133113114,39.796202237398774
240,20605441,116.66032589570521,39.788071354003606,115.9694790719318,39.9478889764959
241,227280330,116.42736295117277,39.93448698882738,115.80720403203587,40.056520711908
242,24527563,117.1378449963056,40.1327056062025,117.36836407050677,39.48649335347478
243,19052545,116.70273444999097,39.87862813447189,116.57149833455227,39.472131588213514
244,22229466,116.68445393173982,40.13316473885208,116.91869238240884,40.30731255375082
245,129066627,116.70376132644672,40.05620595178421,117.03994396249603,39.422128919422555
246,22222281,116.93498319555943,40.15337666774824,116.6398188773975,40.576081955270936
247,25279691,116.5816445868366,39.99779019283649,115.87397326987282,39.1833836747764
248,17950469,116.36714530264477,39.93191064011182,116.85091648426551,39.20425804429071
249,22858492,116.5382797407709,40.24168971667917,116.16292273516842,40.45098758318488
250,23067083,116.73813661421106,39.85588018211279,117.1862870311411,39.59451134771843
251,23898313,116.65817790393561,40.18424166340674,116.82867563130795,40.173670500551665
252,19081733,116.37517909149223,39.9677217447729,116.18090990349836,39.79258906805086
253,228498378,116.59769330710871,39.927766070040555,116.07472915705796,40.42766638763071
254,228406987,116.37758829557048,39.7504621214133,117.25040782208747,39.149803588273635
255,24469194,116.67113585451999,39.66018375485868,116.82216710794341,39.857635150953975
256,20452609,116.57658396000588,39.890856000176456,115.92382887199327,40.127855276775314
257,20598018,116.7925404608764,39.72388577161665,117.03289000398914,39.97015794363443
258,226794699,116.44699947288453,39.821848823752134,117.07358134645709,39.93898329884511
259,227119817,116.38293706175621,39.96679015612587,117.29442103640095,40.24792637385335
260,23920586,-159.79296875,167.470703125,-159.12577865420292,166.86921491741467
261,20929283,115.62370863364558,40.51038847168657,115.00447598883332,39.620209255542434
262,24538059,116.56458552606479,39.75536167407619,116.39894089575803,39.24758196603048
263,19190785,116.67247583312948,40.26725231919413,116.31343499580366,40.67098520477046
264,22262986,116.64573714262701,40.32061767291317,116.06007140636885,41.02573836766373
265,20495873,116.5561227926069,39.891829251116675,116.39453641167657,39.51834239855322
266,11140997,116.80559972334186,40.211968206677625,116.39205163623286,39.74936222203744
267,18948098,116.5506223498418,39.89527429850994,116.47192234902688,39.93514561861112
268,18961165,117.13222295295989,40.15489266143462,116.96455686562847,40.47518904549207
269,23104458,117.0076523183338,40.102847178463854,117.36492986489479,40.594627541236356
270,228506058,116.55300464747404,40.07274360925762,115.81951318126819,40.739186991185925
271,20765200,116.45426998149053,40.03988063904007,116.48122731956262,39.92969065203078
272,227768522,116.47596241270539,40.00224015791379,116.89308898251312,40.75759563998173
273,19328012,116.65704868761428,40.32101196057578,116.29151059326522,40.7806677533585
274,127212420,116.83470579734912,39.74031948907044,117.31672818435219,40.228543366530204
275,25234648,116.64115647497627,40.07408671244539,117.53780795353602,40.88978964383039
276,25204937,116.82050669911585,39.73112188074542,116.47614058642026,39.7121851391543
277,22291659,117.02036434159457,40.05033261166891,117.48497233614361,40.33449582652559
278,19042562,117.11230029778868,40.160683105695504,116.4235707742102,40.58784542007355
279,228085706,116.73427841290689,39.89789201701432,116.80384036489116,40.47102116053582
280,227049161,116.41001573251859,39.832204762735145,116.21823339859135,39.356456708259245
281,129116551,116.42639618436436,39.940364774014526,117.32086420690784,39.93089075154471
282,129092741,116.62475442414164,40.070945081563345,116.03146819146176,40.621608302987276
283,127233178,116.63304867796869,39.904165401557506,117.00898130495328,39.4623614914883
284,24532437,116.69960861105886,39.872573408723326,116.28688283996885,39.48630772460956
285,228505547,116.42664371581746,40.04438286743637,117.10132442581093,39.55518673139298
286,18880781,-253.240966796875,114.72247314453125,-252.76790653033237,114.22396173973384
287,24515018,117.0027407664332,40.2329982155393,116.64650299052258,39.59158234054873
288,18861319,116.41635238911974,39.85094734857972,116.10971771389295,39.2850549266761
289,23926473,116.55939330332069,40.05436166025367,116.11074124463521,39.87782309777782
290,127212421,116.8271437258326,39.73707273390211,117.2186439883597,40.102559515917406
291,227207882,116.38546969031871,40.00046119944593,115.75628183045025,40.213154922166545
292,20942339,116.79119696958074,40.04060012301158,116.42969421161835,39.74801467084762
293,20313860,116.23083833065974,39.84806607743984,117.08161320845525,38.9983827097109
294,23902411,116.81223412490347,40.06634356443972,117.01168663933723,40.16938654561119
295,23110345,116.99056195603508,40.070074111853565,117.27871778438447,39.69093494599045
296,20946440,116.48688600710337,39.997040386763004,115.85399702732042,40.00503524310282
297,20495373,116.56142638151084,39.8932810085634,116.80962070201639,39.81721348587089
298,18488322,116.19957256826872,39.7507005424789,115.51253155104021,40.08484380350825
299,23932362,116.80744828703621,40.18679443599757,116.83957992298566,39.9771845961417
300,20835329,116.53783814238857,39.95507074210359,117.11400545162581,39.445388763519325
301,127404164,116.13868516557567,39.73353493475297,116.97414664278415,39.18887649319501
302,23873225,116.49508254002536,39.93474775123082,116.25219727190465,39.70540313288968
303,226600906,117.11116384895573,40.160516519903275,116.58695541892439,39.81978405373091
304,18562563,116.24547705806967,39.854513536564646,116.2286730055983,39.790424700673775
305,23826124,116.52641974112764,39.90639143140131,116.91708949663739,40.020477818226084
306,24529865,116.9123821283986,39.79507287758681,116.68361222208094,39.570983895302994
307,18562819,116.23750463199075,39.85672677727917,116.17972627724755,39.79957497092741
308,23265749,116.29038742523274,39.775663096555064,116.70959095692615,39.906285940915154
309,23042773,116.62929499234855,40.091051699095736,116.936612782594,40.425534056280156
310,19365633,116.82476037485333,40.342579281768366,116.78185194547306,39.54343370049614
311,20891905,116.62919872088894,40.09241677095025,116.10716185240973,40.11987827829485
312,20745731,116.57590552551419,40.19810505790185,116.39629950199615,39.8591676320522
313,11046277,116.9973517399514,40.06468391903591,117.1731130004143,40.203782043113385
314,18114817,116.33533299935165,40.036918084155445,116.96695568740773,39.46071712604178
315,19110146,116.42731318960556,39.946338048223936,116.33803766947419,40.34173011417382
316,23093961,117.21755698161402,40.15938756136881,117.15950798767247,39.308962363432435
317,18331142,116.3282247955405,39.90756639136096,116.72367048898408,40.115865753027784
318,22263241,116.65509827475637,40.26341590424101,116.15630510840431,40.89618139956874
319,25106122,116.53657143516313,39.788699121044964,116.04579137533577,39.58504499566471
320,11235205,116.33318461474833,39.82180034852867,116.40936206072075,40.113913254055674
321,18870285,116.39907629053715,39.8349178006557,116.715640300655,39.49913573266955
322,127404165,116.1412353381473,39.7330586227853,116.85240203956,39.956086934164496
323,22037194,116.37446599692848,39.976003131743965,115.98680484713252,39.408561134859966
324,24458186,116.65549365843484,39.6722399447402,116.74873045899176,40.50684284651769
325,127404163,116.1428530248207,39.737021680368365,116.11932220893259,39.774315515391166
326,128994181,116.51729426637132,40.15798131797064,116.17973966070174,39.87204678230545
327,22864074,116.56750810319498,40.12894236792062,116.02192306305123,40.7611483978821
328,20930818,116.81563508463447,40.13997371619891,116.48137481793898,40.62676753385874
329,25656010,116.42148108219855,39.836232321119304,116.57958443455665,39.85507479222229
330,18950146,116.58946952261876,39.83757353384068,116.69847911489177,40.58408441416629
331,128796804,116.65734021952375,39.619907949048,117.31631213361251,38.987611236217255
332,23855578,116.4269729006231,40.0440926759929,116.95211961110044,40.88619868478602
333,18933251,116.52144683953372,39.80747199663879,116.45567562154876,39.631844583503444
334,22276299,117.12020051369693,40.155060464051935,117.6848145652542,39.49185000590743
335,25245435,116.62727007809734,40.264139897198866,116.62905747382013,40.1372335746172
336,4307459,117.0406932948263,40.27141526737441,117.46546678037174,40.85453949663178
337,4565250,116.78667657091982,40.198803732864135,117.18411905298584,40.8586466290785
338,22996939,116.82802530526554,40.202727559396294,116.99736779069991,40.201956594131346
339,19413251,116.73215834580587,40.33403272301713,116.69416819707597,39.87209598205357
340,228517834,116.60470745675971,40.150941175062634,117.20912925300846,40.49391574917634
341,11139972,116.78847793610925,40.258047673866045,116.34517994788824,40.983946714197785
342,22287819,117.0082624019807,40.102249394440435,116.4430917591378,39.628404401996406
343,20339459,116.53413748249326,39.76512019951037,116.5726571311297,39.935037310407445
344,4545032,116.48149975200253,39.99858371346999,116.6604303242628,40.12180653199179
345,18870283,116.38918668738778,39.83766621349222,117.02364773113882,39.45414520078789
346,20621057,116.7080768347166,39.66594702398437,116.49188471405506,39.17580753221998
347,18429186,116.13214327286508,39.73443957379683,116.50429667164866,39.24464414927879
348,228504265,116.58287639026996,39.90645964688192,117.04845843119729,39.98834654566847
349,23909066,116.69631623570801,40.03778442329474,115.80863272047314,40.91420560247456
350,19406387,116.57664500990798,40.06676586349433,116.61645269043142,40.21745673982684
351,127099781,116.63100807738117,40.332803066338435,117.01096121525171,40.29199508065158
352,19027201,116.49685870801423,39.7386994598257,116.4711068096537,40.20599504964392
353,25621706,116.4113089965072,39.97608303620347,116.05900379144038,40.374501290301154
354,20847362,116.63130577429385,40.076616553655064,117.18632785281766,39.91875920313828
355,20616194,116.69519982072718,39.834550486554875,116.0284146097987,40.35774427071544
356,23908554,116.74749563041001,40.11684018957351,117.45415723309627,39.462133505649746
357,20803074,116.93898955613585,40.058230762895455,117.37214585854645,40.693105017067225
358,22251721,116.70029951790254,40.313171234147944,116.72091673006315,40.27295709269893
359,23886793,116.76586699454246,40.067823293662464,116.39264324904359,40.362142243802026
360,20641795,117.01427894881664,40.089351805452466,117.45848470616195,39.90434549815865
361,127776133,116.79917557782277,39.724859533656875,117.26861445959412,40.06613001359685
362,127009155,116.55260747465417,39.95896656491085,116.14156727394888,39.47775465734954
363,23099081,117.15376029381586,40.137022799071474,116.87792174104665,39.301023330526
364,19027202,116.49156819059098,39.73303395078655,116.5019286785802,40.026204156088504
365,18429442,116.13189957663499,39.72994056999771,116.38574235159496,40.26009949610857
366,227225290,116.63164147156915,39.90316524934766,115.67219484715069,40.87873044125446
367,23030986,116.55628580850777,40.173064010854326,116.6129839234418,39.58551554221157
368,23983307,116.4721612756612,39.78561088332422,116.45496753759507,40.18838398656339
369,23928009,116.96121781965866,40.14834104758307,116.42260944398912,40.549155651456864
370,23923672,116.65066124778737,40.15710524257678,116.46018892917381,40.36742198579943
371,22281667,117.17212139241943,40.34796420177418,117.10253700063029,40.25190972115898
372,127032197,116.62346937286188,39.983352472936566,116.33615158906278,39.58230323857668
373,127033993,116.45235979298015,39.90969989922852,115.94572437772423,39.492096985962206
374,19336963,116.6992481763222,40.36330262643137,115.95410222245393,39.959942894066174
375,129051524,116.57439158868989,40.31615133957843,116.68112984879595,40.20556191013576
376,23146699,116.49876440828757,39.75587510324025,116.59403130908213,39.85936459784494
377,11223689,116.42063224346582,39.83950627195563,115.61842183820156,38.866764032534626
378,18797323,116.63744870957854,39.925737813992185,116.67678777525337,39.62829655156881
379,22744275,116.35713749409726,40.08682447580959,115.902368985364,39.8967844509595
380,25185994,116.6356789568762,39.895470040273125,116.55103890981161,39.9660078736405
381,20866563,116.69640317518468,40.04661280943086,116.98447442831592,39.52039395389785
382,22231242,116.59848665198783,40.20369402491053,116.1014779513446,39.66352647773274
383,19455758,116.64993517969951,40.06141320158193,116.56268958137964,39.90564016111272
384,22262985,116.64336639300255,40.322163665695705,116.09005206883394,40.27332619746437
385,24467157,116.2599310939917,39.78653011269972,115.89425408509274,39.85911988734455
386,22863307,116.77459910871687,40.033497251610505,116.39243291440383,39.62196003774789
387,22233801,116.4931598140996,40.17113490328422,116.83915344967025,39.58927264970683
388,19042561,117.10725638458601,40.16692243698423,117.117429529882,39.58615047848485
389,19385869,116.63614235212022,40.29219174481856,117.19130225574646,40.19042499203081
390,126890885,116.51327286272678,40.20560707138125,116.59716976980533,40.88276360057872
391,19305731,116.56475531780764,40.272141748613095,116.48004960757285,39.52228594161537
392,18901525,116.39204373909197,39.90530526716733,116.28641675592377,39.85975970100194
393,20797954,116.75240114648838,40.1035391164694,116.29022422932239,40.37542086493355
394,127172995,117.10516664166614,40.17265887998958,117.09373453573816,40.25934607208254
395,126888591,116.60533638011732,40.11474179814024,116.45371204575967,40.22905401264334
396,19320067,116.68461437597607,40.3691471544419,116.82265610329092,40.01851449114798
397,20743426,116.79761508563739,40.08634647485821,116.61193473397861,39.63583890871976
398,20608515,116.862464866074,39.73485977564687,116.7960024734629,40.256693628689185
399,19452931,116.694850520335,40.047365481235126,116.56808922827153,40.472417850826595
400,227299018,116.40890949736276,39.9239297205032,116.81775593423369,39.29698781245994
401,23202763,116.5054046695763,39.804157893325915,116.4314387288104,39.6713581638479
402,20335874,116.5040998239931,39.73704353157965,116.3056887962411,40.19520601257464
403,22415306,117.03923957235362,40.13998703080574,116.44848570831145,40.12305194395492
404,22828029,116.71604230482417,40.355494243548435,117.32336622826341,41.11523024947526
405,22864075,116.56848038822001,40.12663694403742,115.89590128552011,40.41563165668204
406,18798092,117.0866796726202,40.13898631112229,117.67457506936925,39.73974319667408
407,20452610,116.58548679643071,39.886235817903575,116.60674355593225,39.88793900310897
408,17957899,116.39328410243363,40.077939774557244,115.97584510948415,39.36915632192767
409,22866891,116.57412755738984,39.83750520466224,116.5875442592892,40.10757101076948
410,25192651,116.56791908767381,39.8284766628089,116.21495439497113,40.60709749358029
411,20788482,116.57652431517054,39.95575500601784,117.15670191236386,39.345195489530546
412,18500355,116.35519204318389,39.81096035315744,116.63749404602449,39.363869926136964
413,18565633,116.24778507996002,39.852943965812585,116.19513547918301,39.962800494361346
414,25281481,116.62382916951238,39.929733638870545,116.0677931601943,39.710063978028764
415,18563585,116.36307755303785,39.81166692795332,116.98382064575571,39.465731748761954
416,19070466,116.70235950256773,39.67867087054992,116.40809860759353,39.420880455580146
417,20765198,116.4540246013673,40.03891672084715,116.56887997747414,39.65783880399762
418,18626563,116.35539999636718,39.93226147557809,116.24236191544058,40.048452455955
419,20833537,116.5538161617182,39.842117258187656,115.88214072891968,39.460803096205424
420,127170949,116.95554754269781,40.0614790542904,117.23552251521542,39.78291075156482
421,22262731,116.66702198593163,40.30018014890863,117.16980279843729,40.88761930796508
422,19376652,116.63528207236257,40.12586987956691,117.4056086311709,40.799618508579805
423,23069129,116.71100063049532,39.89415327985667,116.80777643677474,39.877341948940675
424,20481793,116.81185667493466,39.72855139326767,116.20555148320803,39.2726993217393
425,24529866,116.90652119404704,39.78646195498833,116.9612688830613,39.81892001929258
426,18594562,116.3352925818422,39.829119253712314,116.66112774342923,40.559611727727415
427,20856577,117.06466153886409,40.511532164903166,117.4508730097803,40.571014128635454
428,23143114,116.39930142386875,39.729269308326415,116.83636155019518,40.55553951842407
429,20408579,116.17418558217746,39.82233920184111,116.60405487593168,39.25531547273186
430,20845827,116.79322126098556,40.06045742204714,117.04149706890372,40.10548251054012
431,19071746,116.77979463965627,39.76794765062879,116.10154575171974,40.36400089817161
432,25243092,116.63577739286595,40.30080166624858,117.07181916511725,40.098671591179475
433,227219658,116.64342017494246,39.92481024233251,116.44454744888897,40.34493109023919
434,20481795,116.79295627618127,39.72242825451075,116.90652167240115,39.86391937390254
435,127001731,116.62043375039826,39.869172671988245,116.08902380262265,39.56696862905726
436,20641025,117.14474581389136,40.11707427289018,116.56415071981081,40.73414996899754
437,4565249,116.79451494694293,40.20178937056444,117.41017647061396,40.787173759155216
438,226907082,116.40111591654419,39.83075659833455,116.5146038050228,39.62569453122234
439,20580108,117.11895605919553,40.13082849002337,117.21421066972842,40.12625216803915
440,126889605,116.70191411110495,40.25983337186143,116.87200637521886,40.800904666621925
441,4425473,116.5808466838142,39.70003454781399,117.1835585465244,39.7188915912917
442,20461882,117.199062254235,40.16136406804131,117.55529134466288,40.71883368611279
443,22321353,116.71577731647317,39.94599913036369,116.89268550881485,40.15129018689577
444,23047369,116.35455473583157,39.81167255572108,116.3906101720702,39.16630666535343
445,19363585,116.60471378000452,40.119765555768865,116.25607658250584,39.616844900281706
446,25221835,116.53570869773873,40.241034505964194,116.52339139137217,41.025594253670484
447,25235146,116.95545916741155,40.108004073036774,117.50700417810131,39.4090658236449
448,228113867,116.67435803893277,39.908107224936394,116.27176806064935,40.580129874700006
449,19387650,116.85246572589728,40.454875688781776,116.25577731574221,40.944490596779985
450,20806713,116.92412629615792,40.11096326242666,117.0596024087355,39.84579712918133
451,23901897,116.76006406432846,40.092721488024814,116.50818607655788,39.94019868787598
452,20864003,116.71918445523148,40.05434294337879,116.92030784150684,40.09092239437413
453,129166467,117.03217328337956,40.26997653458056,116.55881899814456,39.5407666706439
454,19002128,116.70911624834105,39.858002397657586,116.55018591066022,40.054586711585486
455,20560387,116.41917260524868,39.77603368855992,116.82778445229201,40.21706554848787
456,227381193,116.4796961629493,39.956486396951355,116.71493545031164,39.69245105808939
457,22221787,116.64655583182342,40.182625207608375,116.56843460002099,40.0795989434076
458,22296011,117.28457478774341,40.183312170631744,117.9610248539167,40.033733413260606
459,228505545,116.42948923024592,40.04136816923981,116.04495966849795,40.403937051398294
460,22899408,116.5634979059848,39.933499140211104,117.11446314142583,39.32851163519146
461,24526282,117.003553640168,40.168943360481144,117.43969083366812,40.65397510805817
462,18872833,116.50546237855346,39.89197710501458,115.80892655278085,39.865967947379005
463,20466747,117.19776419929936,40.15893162164466,117.50775326076328,40.509673451448954
464,19404034,116.60509542779754,40.120961056952545,117.19281468181879,40.37347703245458
465,22460105,116.65229824926067,39.67876495475431,117.44357228425926,39.11833192174478
466,129095309,116.5090591706977,40.168164459706375,117.16153706895395,39.76004119658847
467,24010187,116.34587842037841,39.806154383311295,115.996850257347,39.835366718744204
468,20483084,116.6521929691875,39.92553697283548,116.94010769645489,40.485684256928714
469,24519627,116.99784249146474,40.038896802331514,117.03735940185967,40.108589546344625
470,24531413,116.64060233699966,39.90572895957417,116.33278671130168,39.191300665663945
471,19206709,116.60432361997317,40.05003329057879,117.00196391462973,40.20048073437899
472,126918532,116.90320043126303,40.05871237023565,116.46516333081698,39.67321565318069
473,22272971,116.63667326707228,40.299692218918125,117.28591127596864,39.96461604924789
474,22815683,116.62678655475128,40.26587401354552,116.60508302786131,40.42822011236375
475,228528843,116.56291457795432,40.0276862825757,115.95101009656844,40.850900207107614
476,22359499,116.32229259474,39.890720536759794,116.33614913803392,40.64724547281261
477,127229060,116.70659641573543,39.83770885661565,116.21311632632612,39.07701788800277
478,19385603,116.5432663194143,40.29304947858143,117.47191252055437,39.40229286887788
479,19249671,116.46992337046923,39.94402276964587,116.16075448173956,39.382751794314906
480,19021581,116.48293540694212,39.69948549740877,116.73657056921928,40.37499172638497
481,129803139,117.00504348694052,40.2444829644015,116.61232920614239,40.488772667755285
482,18568194,116.28386018345198,39.86489170953499,116.19158654932525,38.96648833931215
483,22413515,117.10651339779635,40.111159425413916,117.60483218351844,40.232761213490875
484,227284683,116.39482619212095,39.82921453306716,116.4412065256464,39.07966989563668
485,18954754,116.58866340107195,39.837028387778474,117.00773351827871,39.77950708957289
486,19343875,116.6502658425079,40.321155552480825,116.75034811084491,39.98069109261588
487,127726725,116.60819052605832,39.90697331744742,116.89236001501544,39.03647885562415
488,22822091,116.35059989316416,40.39633329946668,116.16055658241773,40.700839968925315
489,23819472,116.42194548028104,40.02089413156281,116.69279393384163,40.15874807298372
490,19314693,116.43406020437016,39.97530644914931,115.86431113026856,40.175459526674686
491,25221833,116.55729914322964,40.243371945681965,115.62984198601268,40.651066462018655
492,23856585,116.51817939698473,39.96465708662754,116.31486210310214,40.34579325835103
493,19328771,116.67477983589016,40.37822072899517,116.50845408758595,39.92821277271878
494,23036412,116.64021941351078,40.107098766288345,116.98523910977688,40.01603350291788
495,19001613,116.69147961865836,39.86091553661747,117.56773118861946,39.95174975809323
496,25117386,116.53237216238107,39.80085862557227,116.55941964440906,39.9847624668558
497,20870404,116.37762666905724,39.97601447718268,116.33739415432592,39.84940898151351
498,127730053,116.46268248871257,40.01636344331915,116.7197410801909,40.70854123671424
499,227356875,116.44391232286661,39.919775339832434,116.48190415876711,40.32673407750582
500,19534339,116.82830874830697,40.20724564431931,117.05001679761725,40.17493235862061
501,20859139,116.48857728904544,40.19857234851334,116.16457752207151,39.52879468550891
502,22818251,116.69271111447169,40.42020510791837,117.11233119617543,40.363800495408356
503,227780554,116.48532459926827,39.88996438457781,116.7171837052893,39.722701071502975
504,23102411,117.17531427628565,40.12950417147863,116.46628480984435,40.0228691273535
505,20401154,116.30414214208868,39.87567925389052,116.94065660833115,40.54860778079412
506,24505291,117.0409026423511,40.27275415722801,116.9347443175347,39.78897104694915
507,5033483,116.59785427223285,39.651959732402425,116.76215056671684,39.45544201778751
508,18880779,117.12280444634143,40.13904646924397,117.19374495776947,40.070064932089565
509,18816268,116.51089236667224,39.86614236343158,116.31717936926087,40.14116241785762
510,11444355,116.94011153262558,40.06242122147426,116.57052250718922,40.46933246221799
511,20524291,116.65627652841343,39.84239215571957,117.30724154130986,39.454937457565094
512,22278346,117.0523038539784,40.07031309767029,117.47885529250112,39.78152875272937
513,19005953,116.56395299666939,39.750908732609254,116.41980882923468,39.81947897962301
514,19185420,116.63754714545937,40.33059271234893,116.69387944690848,40.08483689142223
515,227282123,116.38773518868297,39.904474184667244,116.50546687653853,39.75157286495221
516,129046151,116.49444644338672,39.890604816119705,116.218555146512,39.65991958331425
517,11505029,117.11534915773714,40.16656214819068,117.29250717230435,39.68467739398645
518,23019477,116.50594642735929,40.16412323853573,116.6862694370109,40.130475246244984
519,17950472,116.36552824746055,39.93092148678193,116.99257536164993,39.05369082540361
520,23908298,116.80670801219065,40.14955753742889,116.25000398672978,39.33900232698717
521,22415563,117.0198485448701,40.141940667897615,116.3323260245095,39.70207617972432
522,17970694,116.3106227881884,39.977215594238274,116.59408734822681,39.369036890846154
523,22288587,116.9869595706716,40.09109709073475,116.54819955477542,40.65157196622184
524,22229203,116.51422871257377,40.088420688153235,116.3809211993089,40.235194956495285
525,226493385,115.70363953786403,39.57319169954123,116.05568906292915,40.50111484461092
526,25884618,116.28987791846669,39.77485012328902,116.7758248524948,40.52801534913724
527,127359877,116.26017970639288,39.78675444646057,115.93292420929285,40.180689641574034
528,18450690,116.21875435400378,39.84885255115427,116.25578388305763,39.880033626860964
529,24545236,116.7200791954116,39.909777618840465,116.22763808635102,40.06949281546339
530,19104564,116.42652387879497,39.948622584151764,117.38035984043545,40.549944113960265
531,22276298,117.12579384748354,40.15267355904127,117.45711006679417,39.94942151793998
532,128992659,116.54970039501767,40.15314596866958,116.8132260013967,39.96656729862956
533,20860930,116.75075776064978,40.11348131144727,116.67529606217782,39.90984935177064
534,20912131,116.56239856644633,39.95587826726868,115.70180399934176,39.27660816220801
535,22816715,116.69171141981995,40.4197538007229,117.08355668705178,40.226877927087024
536,126916739,116.85774732789815,40.22206012071519,117.25513526463011,39.66896048106685
537,127364739,117.14158896179508,40.12357282395236,116.73313856555154,40.38219259709922
538,129071237,116.63895252811899,40.06603530490741,116.60433994549177,39.95959915529478
539,227570121,117.10980912329434,40.14649346483294,116.63834879194978,39.5861460333659
540,20580355,117.11221519985683,40.161206948975895,117.2089828351561,40.11641573933226
541,4577282,116.5553559257001,40.33494588122682,115.66501010336184,41.1238352217027
542,25122500,116.49939689102273,39.76251258146248,116.91909007253996,39.407021687850374
543,227374286,116.39059812845942,40.00025130420089,117.09039762603798,40.48232653487619
544,127199108,116.49682296670892,39.713791713562024,116.33432091760837,40.03525909293787
545,227202250,116.45996808987944,39.970961658039165,116.75795801628816,40.13876554162241
546,24532425,116.69743617518286,39.86527149906902,116.76354976646205,39.678713190197996
547,127169156,117.05552626293486,40.126229431207236,117.7070420763225,40.836100155469204
548,22859209,116.75893935248168,40.22583484090996,116.96559985797543,39.48461722792965
549,4545031,116.48074366146521,39.99881637542394,116.28548686235813,40.146024321932835
550,22217163,116.76997557086769,40.343745448291,116.30932235347211,40.28396252810057
551,20924930,116.53104369413829,40.109809119353024,116.37155117820672,40.55505123899129
552,22847178,116.75105486892146,40.13398519973644,117.22841912437374,40.18328542445417
553,23033083,116.50098940996392,40.210572029068906,115.63439764871565,41.02464968867837
554,19301123,116.46814300713582,39.957679909769155,116.57577624412053,39.369819341112624
555,22961877,116.41474623455052,40.03725107266584,116.24597378574536,39.290151419295725
556,20485123,116.76736155598297,39.815216821248804,116.9175580812769,39.42352733553102
557,129046149,116.49108495447734,39.89204245827385,116.96560439701877,39.24659212810413
558,11507076,117.18169684106218,40.16301639354809,116.8898309489259,39.803849557796084
559,18770949,116.39335802134062,39.86373007760986,115.8959920180741,39.524967898256286
560,20492801,117.04280464687662,40.14575259448906,117.32843586553177,39.454359432193684
561,227272651,116.41759504836675,39.93958283228503,116.15498464046775,40.64123201023162
562,227056842,116.41091614949987,39.83300158137198,116.10003263296812,39.63512792791834
563,24525771,116.9995371615936,40.06380157263032,117.32451814361279,40.3818896929923
564,129064835,116.68721043927121,40.371200618813575,116.35614606611801,39.98582623196501
565,127038856,116.37398300476967,39.97164929044118,117.00816831977748,39.9683121653534
566,18927381,117.1135727608583,40.15738872918831,117.04361627884722,40.233130377862224
567,19198477,116.55879286677819,40.06389873118156,117.53194248674825,39.101843395053265
568,22458057,116.44521035840155,39.786740244145065,116.92795990735131,39.83522713785116
569,22564042,116.01298470446967,39.59400992564604,116.78475368691079,40.337402174135256
570,20809218,116.74454827772057,40.226732294631525,116.75081274288202,39.745641078167594
571,20845315,116.78381359017756,40.17855945929001,116.18419719796235,40.28817258811612
572,19323393,116.45304408547209,40.01592014080704,116.38044693899155,40.00751078225161
573,20908291,116.89643100100295,40.147915480038826,116.46927023476887,40.5549571505196
574,18699579,116.41242737644507,39.89673714055422,116.15071341505431,40.78648432124342
575,18594563,116.33734954513942,39.82968797175777,115.94927862455174,40.59197477047382
576,129803909,117.21274875078713,40.163735147761514,117.23525012357418,39.76091178274788
577,24515273,116.96937578875806,40.06170339848538,117.88074949943879,40.87458115899741
578,22910923,116.56827399101222,39.84417739992377,116.79532893967045,40.12558003940378
579,25263307,116.7358843142904,40.328206931209756,116.85947522823908,40.363264608509915
580,227536075,117.06875588161688,40.153047994386405,117.68899761470729,40.204720096365286
581,19391745,116.58401039001322,40.103104019029246,116.94331591515555,39.6529302142186
582,18992641,116.54112302871356,39.807414812851675,116.13966162176216,39.42902041413515
583,18517000,116.3501607565457,39.916887643007676,116.83884695582525,40.55564142119997
584,20812043,116.5598762373248,39.889300257317124,116.2051568225056,40.47048859665592
585,226689993,116.81173022875485,40.3772855135607,117.37981244232216,40.097068316489434
586,11124356,116.4974095306638,39.884067914311395,116.80677122030086,39.52258315951385
587,22312137,116.84594700388995,39.72755919617027,116.38854433898592,39.62924213241327
588,127231109,116.6539397398324,39.860599347127554,116.65731652482678,40.27974444150456
589,23818449,116.39232700956897,39.99115889584116,115.7167145511866,40.78145866068748
590,11209092,116.5168639156618,40.20222257448859,116.28209051980869,40.14516929949887
591,22238923,116.63045781894333,40.08117250311724,116.32351667074978,39.42588473523788
592,18003206,116.30304417507402,39.98409082601051,116.38483372609238,40.1799106997496
593,19005955,116.56237825953407,39.747838250382394,116.28282640039627,39.28375368750243
594,22221513,116.54003605149524,40.246125031794904,116.10777405201702,40.87453539795849
595,25240523,116.56585190533255,40.102745230923624,117.50324673349202,39.15041339136064
596,19951627,116.36473218343961,40.08710456981396,116.22737078910325,39.93074386544177
597,4421635,116.49015202431826,39.806787081268766,116.3570683980268,39.20600725690005
598,20925747,116.6748453801601,40.09592373345222,116.93391274266602,39.501693701883696
599,20806401,116.87596386112548,40.108646051157095,116.93714169717568,40.01826397739903
600,24539860,116.705901925378,39.88383040394936,116.21025933897697,39.85743587234919
601,18889731,117.08659956745223,40.14802853554203,117.21578072091424,40.25803510456751
602,126957187,116.507216945477,39.89148343991056,115.67168992736386,39.74396851478325
603,18884871,116.63008690440633,39.92850002535057,117.15509190451048,39.117172611448325
604,24465609,116.66655808738989,39.65856147753146,116.75031109727254,39.46669519029018
605,19343874,116.6456026284244,40.31895657549816,117.23931377273294,40.267804936043994
606,127172997,117.11191748528425,40.167774357251695,116.67221929554178,40.42635677807444
607,19422979,116.64241811375489,40.210638227592405,116.89877119274652,40.5268314738563
608,22030537,116.43285921505742,39.97116086015714,115.94397747370566,39.88820288384426
609,127342211,116.50809435803998,39.79221108823213,116.27531231814513,39.66335023650745
610,24494537,116.49641354244311,39.810851328912754,116.49027050050346,39.552652285480406
611,20535297,116.69748360808057,39.80876503780979,116.19618906099768,39.94705242919119
612,24533971,116.63538011255073,39.90671373005114,117.04680130156132,39.211829502818496
613,227415241,116.49673205961393,39.985153676570285,117.157406277829,39.55670115441637
614,23112906,117.17013519834411,40.34585759524329,117.15378495415789,40.184007971946656
615,22801619,116.81102053153067,40.38041378838774,116.91952111858446,40.91301352828695
616,19384835,116.6468869564607,40.34160985731872,116.74023006733405,40.393285564209
617,20335875,116.49618847885668,39.73730176178734,116.61823262169007,40.57343914978214
618,24532683,116.90602991907045,39.78785942067959,116.67900279183861,39.60125959146991
619,18943745,116.48464009254779,39.77523074993889,117.22378224724228,39.041732687877314
620,22789363,116.77954192375769,40.349351003031494,116.29801429284166,39.79151848191612
621,20809473,116.82775385196402,40.20965348192231,116.9835427237022,39.61900276185287
622,23187914,116.47615877518086,39.787142876416105,117.20153168800303,39.36744048487387
623,20878595,116.7567790232818,40.03294713942448,116.29822626366703,40.606339218336316
624,19049473,116.68984487269276,39.92145630631467,115.96347830090342,40.612066757006
625,129804419,117.09172991558805,40.16017022781059,117.19197663022715,40.30552963592981
626,18933250,116.52191334356881,39.80729075238626,115.85165729351279,40.209829477119335
627,23822548,116.46110574699021,40.01440208386062,116.0199626048699,40.87897002530509
628,22226635,116.84221555391268,40.05487821178279,117.63314274677127,40.71695547294765
629,22415561,117.02118922602598,40.144682965074594,116.94548951219926,39.455497346518385
630,18518019,116.11620287728384,39.72996544024218,115.8871894519858,39.24989187001235
631,20583169,117.0313484962204,40.26452590323089,117.64558370973435,40.89296795890691
632,23020233,116.86146170534884,40.13842413099184,117.41994312337005,39.92340879818593
633,23030987,116.55133216049211,40.17615367285815,115.7204069951665,39.593756611017334
634,20467003,117.20022059248794,40.16501999616555,117.86219357469646,40.89824100124258
635,226907081,116.40538187572595,39.832231537251005,116.3861757673574,39.939194605537104
636,22238922,116.598069464018,40.110749282300205,117.30113107311402,40.393879190601425
637,18787853,116.65292410613712,39.90912511225085,116.8907904281701,39.586678353110614
638,20859395,116.7514564683866,40.060173873838174,116.57700131166794,40.33958761158412
639,24013259,117.04167485363709,40.166464985844655,117.21810617545708,40.56605801620474
640,23085003,116.69062400614052,39.84905853695429,117.40050892548564,40.05473802259345
641,126882701,116.63605152645484,40.12889101098674,116.80519251111005,40.717123539689204
642,18735617,116.48295597856281,39.870592411534645,116.15486858822453,40.14122078993305
643,25621449,116.44084659073322,39.98619409072245,116.12868622338073,39.91833652668214
644,19383554,116.55576611219428,40.334687564461966,116.49904850844464,40.60250656893798
645,22229962,116.78625139493526,40.179074611612876,116.90336513902396,40.33425667132632
646,24031691,117.2223131125691,40.13312907436841,116.65492231723552,40.026839498315674
647,19328002,116.65676935515867,40.32180493729783,116.52924677482928,40.586751205791415
648,20841218,116.64698054495045,40.05248465790151,117.52305016723692,39.637342332896765
649,25608395,116.52091372690161,40.01661204429181,116.85376819815588,39.75480946771483
650,129087363,116.78511081057769,40.36007410557464,117.18340654696378,40.38903980432576
651,18925325,116.38411804164207,39.8408299754236,116.62931695473151,39.441299164647376
652,23007435,116.8323339037696,40.46732394367491,117.31385581630755,40.64017830450851
653,18452227,116.23941701141048,39.851823782345356,116.06844042674702,39.93234532366009
654,127264910,116.55485178587777,39.76745411036862,116.5309888805542,39.36376658229204
655,22844885,116.70562471220438,40.13136539217388,117.27650426467649,40.884650301018425
656,126976133,116.60372529209108,39.89331508435634,117.24353189727991,39.97549369292607
657,23920075,116.51249528389592,40.208392863587555,116.1295867639099,40.70962493176732
658,11143085,116.57903321290915,40.0869027744425,117.04748317692307,39.789297523723526
659,20613378,116.60226541938958,39.76306192173899,117.43853336871148,40.62851362660272
660,20913667,116.5338656240529,39.97249142831104,116.39117063278294,39.302525783550784
661,20366593,116.65143974655061,39.683057081852766,116.91429126156854,39.675846036033484
662,19094018,116.80638951975172,40.19067884304449,116.73446397102435,40.399398060263536
663,18427137,116.14151511348521,39.73405770765047,116.26756306123606,39.909606767093685
664,23096778,117.17708042143815,40.192643885957466,117.46659070625215,40.34441958421157
665,20625153,116.78658905804852,39.778229282024185,117.48557197447948,39.07594635638205
666,19035907,116.56889550999247,39.65625929207277,116.77828715741933,39.5721435594279
667,23914443,116.6501462899604,40.18099833101891,116.82295168650512,40.12862525915499
668,127363204,117.18101712689143,40.16401595042307,117.38803378610227,39.63979371868442
669,18328839,116.35570813631934,39.90845666426423,117.29283723217625,40.03352130244769
670,129091205,116.78269391009765,40.07149708242336,117.57688958139275,39.45152411204499
671,22830538,116.73773148405499,40.329684288367936,116.50790682482268,39.89254383096982
672,22961354,116.53186195817933,39.964669222981875,117.30521016066085,40.52255579040443
673,227915468,116.7251061546047,39.905549792556144,116.6047209747417,40.702186957744814
674,128983428,116.52591401307923,40.19835535964154,116.30228578482928,40.685707681131994
675,227143369,116.52679470980951,39.9494429718561,116.0229904591392,39.48734005298336
676,18814989,116.51122613456815,39.86698584715411,117.34128981202679,40.70310924445624
677,22815955,116.70754669062504,40.28225931130827,116.82182282937512,39.998157953034614
678,20932622,116.3711626178999,40.02741728215043,116.22691544810749,40.46535058883924
679,19400449,116.65048296337771,40.157096402849675,116.73540708150828,40.517416524311
680,20467457,117.35123247412949,40.181368583067616,117.44439566619631,40.20324863078673
681,19373836,116.63512229557038,40.09763641572352,116.16444713768828,40.38090470728405
682,126654863,116.41692727718953,40.03483530104308,116.26560156586156,39.186885637812324
683,20613379,116.59973290749355,39.76569150904471,117.38225811360721,40.18982248619885
684,19337219,116.65309618162102,40.356721586784076,115.84811808574354,39.478602370188504
685,23102666,117.28715666445645,40.1873026125936,118.15509389697378,41.02122946962177
686,20080139,116.07662559098186,39.716443258700544,115.57316952318799,39.84673529201343
687,20462593,117.0802828043699,40.17888234243501,116.41677461744936,39.97846452625481
688,25273295,116.40402156750007,39.99413693738588,115.68743676096622,40.675027921984324
689,226822857,116.6765481023828,40.11660235550777,116.71125573498773,40.53356503606152
690,18433283,116.13100805782233,39.73612770995098,115.6070765485444,40.30962517388875
691,18996995,117.07419853879931,40.14672261385185,117.21973990660206,39.8046485584232
692,18398467,116.33701822243954,39.829743275102125,115.87151602025124,40.11774279206249
693,20477451,116.50325478246612,39.75973417686926,116.07661838070868,40.34957059983978
694,127009212,116.55180407545159,39.955334068988535,115.86919174603781,39.53237813580805
695,20797953,116.74994553031873,40.10854994100232,116.64729342402183,39.71806680470393
696,25206731,116.76826601074605,39.71740586587894,116.11108749116346,38.75325399646402
697,127777923,116.39465996088924,39.83159864112215,116.3769181095214,39.55958932568667
698,20532225,116.82471020552292,39.76020225638525,116.09881679422985,40.50453684929485
699,22187467,116.63295558168849,40.17136250425034,116.55311603753215,40.12855779220476
700,127169412,116.99958172338415,40.03701929848988,116.76476483103248,39.58715346691985
701,20558082,116.47490152094477,39.78755200951117,116.93715718593057,39.79402681713631
702,20842509,116.63159835870084,40.113083278314626,117.59675394310788,40.792659666160745
703,24526026,117.17555108513923,40.20157037462726,117.33668870162717,39.9707170294732
704,23107019,117.01562442609955,40.132728163962376,117.73150298553928,39.65365298952995
705,4299523,116.43492389176178,39.933721623091564,116.90740455263052,39.60137538335548
706,226790089,116.44481308199546,39.98192258920225,116.48564822054416,39.70772989898535
707,127111555,116.98864731471234,40.41838606661907,117.50090554494138,39.8571882368419
708,228506820,116.57851867046655,40.06669928048391,116.43113377736655,39.978482259042195
709,18947841,116.60758789320319,39.90481588021406,116.08255199077955,40.635986203186995
710,23957962,116.49596418359371,39.71875860305738,116.98517342148291,40.4467685393357
711,127285643,116.49544543692981,39.80472449457191,116.36824571487793,39.55181972136195
712,227128267,116.48689079969463,39.801578233448495,115.90278538493439,39.66717670167796
713,227769289,116.44718203222689,39.93272683251881,115.61019683702031,40.010205020125774
714,227391947,116.45252181830078,39.83540407389387,116.08391222296349,40.038304648512
715,24511434,117.17013866493275,40.12346402007524,117.13095071614138,40.27061798990614
716,227349451,116.50968276521256,39.98018963371644,116.8175782020193,39.7123494436671
717,22261450,116.53522441290406,40.41785311691788,116.298543407458,39.71038593027612
718,126901125,116.74444904592934,40.2409139272754,117.24231332839364,39.81461508686764
719,227170251,116.44932320303283,39.83312839254424,117.2180092628658,38.8998934833073
720,126886531,116.82182560455793,40.14207058161479,116.15096902067287,39.98294203281286
721,22985930,116.5646485955436,39.86581311498552,117.11969885892945,40.724238632872996
722,228504267,116.58490617530278,39.9073213787287,117.38394222437236,40.51316022992104
723,228157643,116.42688412498096,40.04325309186024,115.67500713042922,39.56066641280763
724,227750089,116.83940596854413,40.37530758110524,116.70523944197966,40.686143056260825
725,23822291,116.46033004385853,40.00919215066375,115.97762281062396,40.69919889213917
726,20781579,116.61359194939912,39.85133382513666,116.6670233288687,39.81416898030433
727,22801875,117.1722264587005,40.50609281580442,116.84407031866493,40.71366153272923
728,25219787,116.85678252285494,40.05641938480413,117.23497413940277,39.98502932524157
729,5055746,116.75224927194084,39.98859242764748,117.04697145201871,39.87995023666535
730,18950147,116.5881744753788,39.83784372617632,116.76888042310115,40.19177479129797
731,11112324,116.92396207841975,40.11247212031066,116.95154831491071,39.878003921000094
732,18900738,116.54373176178898,39.817378765855295,116.27496485635001,40.14759380881777
733,227128265,116.48952334891725,39.803857071201755,116.16923307300263,39.73552853422686
734,22231241,116.59155536937001,40.202540932676364,115.94931316675407,39.5188276269674
735,127368068,116.99961098874554,40.03949715648507,117.05372760086959,39.88234724322135
736,20735233,116.5607105419637,40.71291446389666,116.9802519908176,40.71260066071671
737,18451971,116.24912719269858,39.849801996997165,115.54611230174376,39.97501643033439
738,20942081,116.48879610611344,40.19802204274712,115.92757016552596,39.805543241342484
739,20379141,116.33631010935923,39.812890353165955,115.54400916486918,40.3617258405657
740,10639491,116.49849956492949,39.761755252601866,116.35364049402516,39.21914038295347
741,22848207,116.63825156250964,40.17790915803175,116.81901891306003,39.790681836678125
742,127174275,117.10999324074099,40.16004124532888,116.34642691254959,40.798629312802866
743,24554954,116.43279136221291,39.9472463441597,116.9338140470644,39.75370466238727
744,23906517,116.59053478929947,40.10369721145722,117.0331650720443,39.84430044393374
745,127096205,116.62169756344943,40.32320656705174,116.9097466106059,40.636417149921826
746,23898059,116.86360626858456,40.05186876198191,116.60212945312091,39.998587018638936
747,4282113,117.03860504617069,40.14414254172418,117.25949267689182,39.91521837099707
748,22414537,117.09179202985524,40.08854963538291,117.02222384042754,40.3954022016121
749,129066115,116.71363897733238,40.131230426619545,117.35205324426407,39.30220116999878
750,20908290,116.91382511859926,40.15222819583061,116.05495576021862,41.08025187134516
751,22132425,116.49614165013035,39.97950717443112,115.98363114729534,40.013136056990135
752,127322499,116.39129932127227,39.86922617227277,116.70619272602578,39.499129871139566
753,22575305,116.09903084371481,39.71765923525708,115.25650138258561,38.888775479416566
754,227397325,116.48487747325193,39.84027967194442,116.32262942077307,39.90044814265884
755,19259188,116.44698305331801,40.00209497826839,115.85524353472556,39.74749638014807
756,20796673,116.80878830577484,40.04410555377615,117.07124953418696,40.66719144272444
757,127168900,117.09394149801216,40.120907127090256,117.68810901820001,40.273561168963994
758,22817226,116.68061680034333,40.2810893571999,116.84459890762979,40.00708748007191
759,20379137,116.33647462190476,39.812763904325685,115.6423855860968,40.1319981877567
760,22282699,117.01364653570224,40.15762921133625,116.8602072778144,40.36154340415248
761,23034308,116.64077058608089,40.10964368227124,116.45604506634065,39.90494233525045
762,22961875,116.41779861873788,40.03534807557882,115.9296772875389,40.23933541953972
763,22265545,116.66152513174957,40.35501912309692,116.84721616384874,40.5992182304054
764,24014282,117.21943906384816,40.16916633910428,117.82061605860207,40.83985133190561
765,19160840,116.42975254583375,40.02055052875958,115.88138744762746,40.091568363898816
766,22240713,116.72772825498441,40.046125468381135,116.92946572339234,40.56500228552551
767,19336961,116.70377376540307,40.36129770431163,116.14175149399286,40.78842164250851
768,22413514,117.11069766624897,40.10864553578678,117.10413016756557,40.17143940280037
769,11231620,117.00843308813478,40.10281018379685,117.7057351061753,39.79735233130189
770,25219786,116.86481806039343,40.05549346637695,116.42693759941983,40.80317845056028
771,23911113,116.86635654251958,40.15222486698397,117.19097523317072,40.58100575837652
772,22267338,116.54588499131067,40.286774199919684,116.77250096886078,40.85760118542602
773,127776901,116.41150761720928,39.860583746522856,116.06777554751562,40.242224900029484
774,20224003,116.30440085734416,39.756362684429085,116.53575717908717,39.69078101750505
775,23024586,116.60006386896039,40.1231867134346,115.71225473535091,41.02035318866159
776,22229206,116.522641823811,40.09298371156906,116.56024482521543,40.19105539013184
777,127002243,116.55934751332137,39.96102397286285,116.79078742912198,39.872555259568436
778,18590721,116.13213652678553,39.74032666331864,116.04252285548971,39.710574376084914
779,20816385,116.58722156813148,40.00133620400316,116.37268651798458,40.03201477760975
780,19204364,116.49696673068263,40.00217835693113,117.40027823317381,39.200619429263476
781,17957901,116.3928322243338,40.077992053061394,116.86362915497806,40.29894151164434
782,227208650,116.64775922556464,39.926960545236845,116.3468786647155,39.972959324824565
783,126895492,116.49463379925862,40.16643310583982,116.81173652479987,40.16437597580537
784,22414282,117.14819174551577,40.13141446195031,116.83711273947615,40.40122333424258
785,18500353,116.36433520182072,39.81129520158352,116.06227827100763,39.52182902016177
786,227784907,116.48986919560832,39.967253533547144,116.28877135134415,39.331745561627656
787,25221577,116.48890268189334,40.15537967602084,116.75988469602804,39.37792581761834
788,227149003,116.42530924163631,39.83474271990018,116.3374853751203,39.164272618050404
789,18565891,116.24527491710604,39.85632460905464,115.64657595149991,39.71851703866292
790,5052931,116.66569855186827,39.868505265153544,117.49970459581158,39.61420599567253
791,23062475,116.3305383391109,39.82021150348973,116.80606942044363,39.230242219165454
792,20567816,116.37219487245736,39.7737054455988,116.12337869378442,39.63481666986382
793,24522441,117.02097115390653,40.145902633729925,117.35159088019726,39.46937271977711
794,20876300,116.50575636279551,40.09353105617242,115.90362264812607,39.66439232221239
795,19061249,116.67696705423579,39.978476742423,117.413031124808,39.16370821673509
796,20860931,116.74133661676188,40.113654687419654,116.20711550269971,40.003331947541106
797,129170564,117.05597520295566,40.14545652602908,117.53867899662723,39.60233323022501
798,11229061,117.16985106762633,40.19193450736509,117.12684614088556,39.70305972352585
799,20844545,116.7828637373161,40.19689916745674,116.92177187380648,40.43630573996682
800,129139081,116.38462232392489,39.96711120283995,116.524638937231,40.29062219858727
801,18806323,116.52261101070889,39.81707329431302,116.47142695045815,39.83746338172723
802,19052546,116.70118867717581,39.87748991459275,116.01385647530658,39.80845344612978
803,22234059,116.80409459049025,40.04399726696044,117.35667207668017,40.95740734385865
804,129071491,116.91783189826923,40.151360624420505,116.60567311149704,40.44440261584873
805,18428931,116.13320542162461,39.72877087611165,116.12879227545861,39.53995546623092
806,22330875,116.42346087479463,39.798148898865186,116.00451373003872,39.77662183397688
807,19209729,116.49760369263277,39.98464917218276,116.45822660888928,40.57195879918533
808,22217161,116.76924045101245,40.333284801036044,117.04242362888388,40.28499013507563
809,23929290,116.74946144594504,40.06730314979646,117.22937713856665,39.21667976373923
810,20861187,116.48446863095756,40.11376372824526,116.15409359464083,40.94357316608555
811,127465103,116.35471892804348,40.08689381985074,116.47558766068113,40.304215870664635
812,22413513,117.10936451046767,40.11837667996387,116.80378250802413,40.12844636917381
813,24460746,116.3152404449622,39.605361755906465,116.42148811563386,39.85174931362631
814,20585986,117.04101484431484,40.16927558819952,117.54274208656516,39.85348332085917
815,20906499,116.60364757730758,40.14179239260577,116.21353192651812,39.804494616413514
816,23884234,116.41765178666047,40.03649874924333,116.89161369100498,39.656333713799164
817,22759626,116.4830240151501,40.177850022600516,116.44310880334943,40.230282469462004
818,19209223,116.49553180393134,39.95830228028584,116.84474652270474,39.44736054869685
819,24539867,116.70112055338193,39.88472730464775,115.92261319297504,39.31798951401974
820,22454986,116.48177958764298,39.799100498912125,115.71169817327484,40.44178972129748
821,24513481,117.35100477749197,40.18178824392963,117.13041103575365,40.58890361137986
822,19351553,116.67435955791518,40.33864884232977,116.3168518463334,40.44612684668381
823,22999755,116.48670341548316,40.174379876757314,116.02763433475101,40.17314240589461
824,18949121,116.58102383121506,39.906208922110245,117.02365634825284,39.57572086601593
825,20641793,117.04146634711515,40.080688656792475,116.28704890028563,39.461689206332885
826,20369409,116.6068250621727,39.76143227154916,116.44588004574797,40.060716515731976
827,129142917,116.39749704239848,39.83604662857477,116.3841809272058,39.32877527413219
828,126878084,116.63533912253318,40.15247662638662,116.52961982203891,40.641886113995035
829,22054603,116.54575348810975,39.8438675698857,116.7521273691615,39.93415900100157
830,22994377,116.55994138092018,40.23935972654408,116.16818150802197,39.5258959785861
831,127045253,116.46122264172678,40.01197063380766,116.56920834988011,40.0395486851016
832,23206858,116.54432146771687,39.73236055143921,116.20498834923879,40.117421591447275
833,20766211,116.58095068848344,39.96679671580516,116.7709202395724,40.15226670158202
834,19311362,116.47654417452678,39.929909962276675,116.9489811595324,39.60550750148981
835,129035653,116.50717620805547,39.911837274909985,116.6639240531535,39.599232556865786
836,20504066,116.77829758036846,39.82237678341984,116.33662331679625,39.569308216991615
837,126976132,116.60320895070194,39.893103898723496,116.9830159811075,40.12585285301111
838,19422482,116.57953383770577,40.06049540671123,116.67335961612478,39.98528063841964
839,4429059,116.44238774872277,39.764001072806884,116.2096820399288,40.227022122254745
840,22859211,116.75253009676243,40.22896015693845,117.24593226909961,40.121496148587276
841,23908297,116.8089387952954,40.14993927117723,116.32689155676479,40.07088832483799
842,18746164,116.40816544372606,39.8857105819095,117.31401820365072,40.80531584526162
843,18919938,116.4442458510884,39.83465720190696,116.88557967684127,40.628219886368015
844,23033085,116.49466515143412,40.214991251105495,117.10611531734304,39.40245043591773
845,22562251,116.01173760661156,39.59292129467604,116.79855082916747,40.36459342516496
846,126664325,116.75365965056442,40.11471158680885,116.99840211132907,40.34157586816578
847,20908033,116.68316307229952,40.0796528607468,116.68871959250193,40.33087720714511
848,129179012,116.4798771286167,39.792290230572824,116.1020127273728,39.726238563404394
849,22963668,116.44473944592637,40.01570919666755,115.90892769105938,40.63495093819577
850,25161673,116.29780865889907,39.79514898151875,116.39019641698954,39.358333166467816
851,18981891,116.56745426309351,39.76306705631762,116.81088666087395,39.59902048809311
852,20481281,116.70212129194535,39.672572311000195,116.13346702408991,40.306559919813864
853,18508801,116.2893445564179,39.869583529792564,115.61844360849175,39.19319315529608
854,129035907,116.47484751635007,39.86973286234931,116.90235476446088,39.85400553506861
855,20803842,116.89447142367301,40.099853654832955,117.1593253891248,40.72480662448462
856,20743681,116.85134176263443,40.13093282426755,116.99655675723021,39.86306010750615
857,19115027,116.55005708642497,40.15365442596144,116.79904602537671,39.79709167320043
858,18890509,117.09940426859811,40.14416411498312,117.52693943327058,40.4691849639408
859,20803329,116.86877575380338,40.10558502463364,117.56836871331586,40.74591791295738
860,227769291,116.44679596724595,39.93153120387004,116.4455620619722,39.43612630304051
861,127019651,116.57543981901541,39.956295894726466,117.19005610370051,39.59717157253568
862,126924421,116.81626470082296,40.1401857005128,116.88115964857228,40.14916137457115
863,20589580,117.10947576132617,40.14135229435587,117.90906461770952,40.57939333622561
864,227214793,116.64228456193902,39.889529927160616,116.5900171175878,39.59201208843095
865,19373826,116.63524727409349,40.09930635731588,116.60323486625224,40.618434301333785
866,23975633,116.56689377212004,39.7942384109875,116.02139089205323,39.242666639069434
867,17960962,116.31189164412987,39.9735104868277,116.99226482606981,40.29389243293381
868,19140872,116.38685154536616,39.964955203758386,116.13105997000896,40.18610672239392
869,23826125,116.53066629009477,39.90547255030995,115.99399661741997,39.47718453560859
870,19320322,116.7097962211525,40.34273805002512,116.78115970186475,40.27947957599457
871,20474626,116.71379973267163,39.83884939974226,117.53654828647315,40.3044240612841
872,23967946,116.58123820219754,39.70088373414206,116.71058379207808,39.65243945872622
873,20924162,116.54620360780976,39.853951277381306,116.55440558866796,40.08477871364328
874,22878665,116.51251917539278,40.01448365647485,116.32827751100307,39.76741815554986
875,18556673,116.32049741013896,39.828866324766615,115.8471703040605,39.86658377882702
876,19329075,116.64926999316006,40.343602796161655,116.61235304918492,40.00902044836304
877,24011721,116.29730614664118,39.79584661560151,115.96733196224731,40.06260926140243
878,25204683,116.84525415493837,39.73151988382318,116.53895576377292,40.36150052146853
879,18770948,116.39411999660503,39.864071230852375,115.74106255930188,39.57672605684203
880,227780812,116.49434051190254,39.891395921381886,116.9678250731256,40.42023213258554
881,20876033,116.73541655154962,40.2562713619855,116.04415244051644,39.574853894667605
882,25280723,116.57065125472026,39.85639612183184,116.59645020078388,39.88509862781532
883,20463618,117.16817490534874,40.14159842023096,116.586906493083,39.88831614895385
884,18456323,116.22452680008467,39.888365310504916,117.12821070721282,38.97194808124863
885,129171332,116.99892128519586,40.138584523367456,117.1642898262919,40.65346721304057
886,24515275,116.96473022840479,40.059462718603804,117.33644879779156,39.35491258231363
887,127071676,116.44851948306955,40.00008832611706,115.8652824532565,39.78186979033464
888,127686277,116.58294804993922,39.9414500048235,116.63750099495823,39.486102183727326
889,22901971,116.57627170333795,39.90800237946584,116.27606821785174,39.723554860625086
890,228149195,116.53409491605387,40.09032989925179,116.92896260345069,39.77326950174724
891,20474625,116.72161800911533,39.84362981012979,116.22638139003234,39.33650829973347
892,227211211,116.65982134776289,39.92203559547733,116.84486911540569,39.328545724494845
893,22864073,116.5683476207729,40.13250794271315,116.29670365450468,40.67156549956751
894,20465410,117.06808434914107,40.28086669729742,116.61950053510526,40.16815743952765
895,18986498,116.69705286411654,39.86557907013187,116.17222110884434,39.824446862836204
896,23248842,116.66313157720198,39.66445659929971,117.48280141847093,38.94038323210454
897,20536577,116.78899385135158,39.70083504593638,115.8123315172064,39.39205163071043
898,22038779,116.44077735595742,39.992946460658374,116.97264194426234,40.663684045938574
899,126930313,116.44594752267079,39.92104161720916,116.82025448056233,40.31956308974263
900,127367813,116.9854090645377,40.09148988105135,116.37852006994225,39.57034566943383
901,4432129,116.48238917617998,39.798314651019304,115.62994761988111,39.69244020021143
902,20495371,116.57706482380063,39.88807622572621,116.06159231558125,40.46871101506349
903,127009213,116.54096893592047,39.95168063659806,116.80675850570242,39.7759687057624
904,23329993,116.2688559220389,39.915625005921186,115.72024870986523,39.162346717784175
905,127171717,117.08973568652762,40.158689377319035,116.9058200545218,39.786937849561944
906,20520962,116.60305073597101,40.0252850735701,117.4491354478514,40.78346513273456
907,25214666,116.8598148609192,39.73559859269921,115.97925312777184,40.63978569030241
908,126895499,116.49364596829416,40.16806691512866,117.29642510515212,39.91143553973174
909,23300821,116.16554790279692,39.889799217536755,116.8460248052471,40.156655927556905
910,19176203,116.63724194928194,40.13720910050765,116.48930142420369,39.42631549058223
911,23036874,116.64126598230115,40.07298408553779,117.05113406960528,39.68898225972039
912,20621059,116.69791495407485,39.661945968233645,117.02968598085971,39.962075450257885
913,22851018,116.6361375765818,40.11731137332425,116.39691399554977,40.54082177698606
914,227583433,116.51098126196938,39.772691968761414,116.43023528473037,39.80168705122523
915,5029122,116.66267315038723,39.65525091411681,116.80478857228212,40.07696744669138
916,20454402,116.48406181003796,39.906746149714095,116.50629194400162,39.20715348980757
917,23036618,116.78163670973723,40.279506453246036,116.87769348708825,39.80395207271042
918,23355851,116.10851340593243,39.94016999665234,115.82861698893991,39.42675595315184
919,23251401,116.31115409795686,39.76944916379167,116.18359211517698,38.84843290779673
920,19064577,116.8447548126363,39.80306985016265,115.98268798713703,39.58850736474294
921,226791881,116.47322750437375,39.83712921959334,116.99202435495583,39.90879405406926
922,18746165,116.41109756774681,39.889698684505916,116.75726505317199,40.06898795040103
923,20846081,116.69351201785653,40.199922706968756,115.74635258661472,39.28521470875189
